Default 0,,Dataset 1,,Dataset 2,
X,Y,X,Y,X,Y
0.0178593641440834,-0.4140825212738797,-12.771075549643262,-0.14532503162132748,-12.761840894903418,0.1038006360328243
-0.057194120019641304,-0.24841392318244182,-12.706350662503011,-0.36365557025279394,-12.696846446859473,0.33994706767854943
0.0446648433346617,0.5006898665012702,-12.637716082263614,-0.5637569756203984,-12.618027428996763,0.5383955120477761
0.02408666380237534,0.21995606788044952,-12.565050277076324,-0.7494426985908476,-12.552631953760702,0.7295162173431855
0.028377096583113826,-0.6975536919261209,-12.454468660438717,-0.9486640768353709,-12.44538451560128,0.9284066610183164
0.03481920770201796,-0.8843801907968576,-12.332752444492444,-1.1451152443866857,-12.30828716438526,1.1121359464723604
0.0279298150380054,-1.0825729659105061,-12.19327217925786,-1.3238070675894757,-12.131796028527804,1.2868949346264156
0.06770738761624173,0.8176760773520009,-12.046241226890826,-1.467414456637707,-11.925314740284797,1.4570786413517887
0.04763550434904573,-1.2727654944506792,-11.814807317971386,-1.6095225402169842,-11.697684138476786,1.6165102218169398
0.04792448866558807,-1.4740961440537053,-11.581784972117008,-1.7591271511410387,-11.463327888805596,1.7562145276063106
0.08403400322671395,1.077493608928794,-11.34865104495476,-1.884531016180322,-11.229041800108291,1.8807016977257138
0.061598270757340146,-1.6765023823627203,-11.11544442087981,-1.9941677285977057,-10.994842778643646,1.9863049524956295
0.10009140679279405,1.4297838318517346,-10.882158337388647,-2.0865705765213853,-10.760730824411656,2.0730242919160684
0.022684571408529308,1.2358984910836757,-10.648813081991797,-2.166139695566777,-10.523586241842715,2.153208483681901
0.07410123807519575,-1.8688371991520114,-10.415440776580919,-2.2398419671249528,-10.285812737044782,2.2235519197939375
0.0805494696013156,-2.0543362497024127,-10.182010989890227,-2.3010771877727905,-10.061901115743163,2.282827309923416
0.12332356056031202,1.8508971559394247,-9.94856767819252,-2.359378984677015,-9.823955080599909,2.33773029981214
0.10250014613729697,1.6504890468470705,-9.7150888633514,-2.409980544254271,-9.579052526941226,2.395361387076065
0.0816555341360008,-2.267028519320185,-9.48158299849625,-2.4547152563443078,-9.348498969883224,2.430510022532692
0.061293958099513546,0.1055525418797032,-9.248063608634087,-2.496516544690735,-9.133398231637026,2.4692118650270825
0.12984049698372502,-2.4520018393814667,-9.014495190621496,-2.5276841719665804,-8.88566688106423,2.4705860074259114
0.15835541955044263,2.1485192113175664,-8.78090817572426,-2.554818341594963,-8.655432459085214,2.4827869211014466
0.18239630736619716,2.4125680902388087,-8.547273823302472,-2.571685528120714,-8.421694133172002,2.488470429604689
0.1449830948372579,-2.6526480234443213,-8.313597205233766,-2.579385765447686,-8.187987083837509,2.487370395700836
0.17245312181154837,-2.8580943554512572,-8.07989184652515,-2.580852477319489,-7.954321454837002,2.477286751582179
0.20689903123496656,2.720210905349795,-7.846140840917863,-2.5724188840566136,-7.735507911548617,2.4727168576482708
0.18778207786779788,-3.0855235872095435,-7.612389835310575,-2.563985290793738,-7.484704580908728,2.47074234698027
0.2366907574003907,2.9812856185309897,-7.378593182804612,-2.5456513923961843,-7.249832989109282,2.4378452133843407
0.2609681449915815,3.2021949912227683,-7.144781314665758,-2.5240173922870675,-7.0111152874609655,2.430439655546339
0.22550918326786196,-3.3511939975890606,-6.910952540268136,-2.4987166124984412,-6.795595062962445,2.3977515842004866
0.3076059758464247,3.4719496300453088,-6.6770984064823615,-2.4679156631905457,-6.538831451212003,2.3824845543464708
0.2583983936588101,-3.610117533358274,-6.443235819567203,-2.435281324042897,-6.32313375727764,2.342008772691642
0.2967586948039411,-3.8704588906035653,-6.209358017019152,-2.3993468831836893,-6.093725619763248,2.305890089700755
0.3482900986134485,3.7420201760402385,-5.975468380089964,-2.3608456965488216,-5.846219641662353,2.2765869761240136
0.3419190006121795,-4.119999914974663,-5.741568599405516,-2.3201444421062476,-5.61883118949916,2.22915577066966
0.39645920617156527,3.9650492721831103,-5.507645149958792,-2.2743096961123577,-5.372446969022494,2.1912920395790767
0.3695685413159353,-4.31531260132186,-5.2737115567568065,-2.2262748823107614,-5.154973104995893,2.1421168975914355
0.4217858883978671,4.158761909215613,-5.039759366670177,-2.1742066108617024,-4.917882147209948,2.082924597050754
0.470072130713703,4.378395345146187,-4.805783507821271,-2.1170048478613275,-4.672062803853173,2.0281485498383613
0.40870855911545867,-4.5385461482105,-4.571778908332458,-2.053569559405787,-4.451023419141505,1.960270816771109
0.5128605806327151,4.586455091033795,-4.33776247446251,-1.9875675251745832,-4.21763167153304,1.890785341844369
0.45511511235035407,-4.769797719998337,-4.103710537449148,-1.913865253616411,-3.9842559848704067,1.8178164262220982
0.5060466820987628,-5.022854408280335,-3.8696433848028917,-1.8368628803466756,-3.7509174919770647,1.7367805953049018
0.5723160606352877,4.809297514756619,-3.6355593258978693,-1.7561937273974308,-3.5211089713782115,1.65660823186062
0.5731743350387539,-5.300869643580871,-3.4014465263529416,-1.6692910489930153,-3.2953608978449385,1.5644419503678773
0.6318170748281418,5.04201579841626,-3.167304986168107,-1.5761548451334324,-3.072389755483073,1.4797637849690322
0.6941179388705425,5.272740858250117,-2.9331566834797638,-1.4815519294020447,-2.8546993575804347,1.384134170927382
0.6413837631231285,-5.555466379328262,-2.6989864026550254,-1.3821822000872928,-2.6379995809387005,1.3030637795580287
0.755564126508137,5.480562648085796,-2.4648110499526528,-1.2817124368686859,-2.4289570725211895,1.1962466942735155
0.6988267220819289,-5.769117408654445,-2.2305951222292375,-1.1724424024192537,-2.2222543544418567,1.1239770928659834
0.8149682114840537,5.692258061582907,-1.9963944101387145,-1.066472469681381,-2.042981426848616,1.0143121744510655
0.7539005506453407,-5.968590223219852,-1.762170029285917,-0.9553690453921924,-1.8413499286849984,0.9386448850646385
0.8743362297745954,5.8961310117637264,-1.5279338140519787,-0.8416988753273476,-1.6514257690718939,0.8284785266935479
0.8278218742779089,-6.211201622250098,-1.2936773113075208,-0.7236285696470883,-1.4478363431121917,0.7487328589969167
0.9394782122776917,6.093196914539506,-1.059403902304295,-0.601891484287318,-1.2579422390702302,0.6320477811955829
0.9171600086513276,-6.464534397472669,-0.8251085151646684,-0.4753875853441816,-1.0563456901412653,0.5488003911383501
0.9996769781144774,6.3031784779007,-0.5908012936439047,-0.34631694062539253,-0.8771247818057706,0.42785307370956005
0.9991862135742338,-6.701946159122084,-0.3437833239190162,-0.2116689310256561,-0.6801108597549597,0.3480489046847044
1.0795827195566794,6.520461365195161,-0.15881856363509073,-0.1129430812048664,-0.5248821000806689,0.22240058766679205
1.1533823711653604,6.752299621731718,0.2549566771679199,0.1781404000058675,-0.3304725221690301,0.14637602231159264
1.087310006897681,-6.94444252192709,0.4933176217469821,0.3478044527060753,-0.17525841458567193,0.01754982957143625
1.2221612627341827,6.966454598213857,0.7277989777330589,0.5146429281238305,0.01852827794856715,-0.07878550670418605
1.188299185032136,-7.179294204672992,0.9626932442274043,0.6778577624465427,0.17424016459443337,-0.21443509815230577
1.2843702607673961,7.177254941389201,1.1968124084815166,0.8593202179978796,0.3662347773646957,-0.2862224958778441
1.2683084132704359,-7.394723066571061,1.4313292676110052,1.0338589307426123,0.4488697149445855,-0.4217792664297306
1.3582492590838946,7.360300582990398,1.6680191776837,1.213811535837678,0.644785712235997,-0.4974882665034155
1.348383627149012,-7.5958403762654605,1.8987953999875309,1.3949552451815848,0.7715826529977825,-0.6454928281127756
1.4328952482527306,7.565693580020179,2.133848474234302,1.5838951815097033,0.9649576970642411,-0.7351071842959929
1.4343752118990807,-7.809802526291723,2.358580643311001,1.7622036010828435,1.106513948741643,-0.887645218963657
1.527093990114821,7.791423614108799,2.570147868708215,1.9524191255008478,1.3006779413680434,-0.9775792537366605
1.5210457110164128,-8.020520131874296,2.780256636207156,2.1362339323913364,1.4112815844456463,-1.1267648041259157
1.6168636232112803,8.009173915076692,2.976661586147266,2.3305168434103614,1.6063263546510065,-1.2158850111936523
1.6138912428235308,-8.232290761364833,3.1734171073518134,2.5150885339448443,1.7169171167695474,-1.3678642984815816
1.7054366399819934,8.21109124942844,3.367213850241196,2.7168261856456297,1.905527847923679,-1.45698450554932
1.7017217713886552,-8.435110687637692,3.5553742055976407,2.911704807332585,2.019064485379591,-1.6111987823561869
1.7939600650603253,8.40225269672029,3.7341865650866346,3.106689483570271,2.2218434986438425,-1.7577582200606905
1.7884914538907566,-8.624316519100468,3.9081144800206182,3.294651798446081,2.4368125096752955,-1.9447420673314681
1.8892187702343968,8.592022648133758,4.074127472643099,3.487747604873208,2.643688918262484,-2.139005525938394
1.882539200286594,-8.819039980938125,4.244097465341547,3.681307193710392,2.8443496792773395,-2.3259298056005875
1.9803906938932982,8.783178722854649,4.396767159024105,3.8715098812938322,3.0363401594065635,-2.515950476992142
1.9838569599767482,-9.021027158712343,4.55483584814748,4.060087121954405,3.2253573343612416,-2.7054947804253366
2.088749185806474,8.976784689932838,4.7035528965874,4.257031604626512,3.411735385101011,-2.89717822671156
2.085180516098486,-9.221757154882152,4.850525090312853,4.452690968325227,3.5887668167496756,-3.088457010953153
2.1977329194725073,9.170223032797107,4.99016718106996,4.642581265328179,3.763176290538489,-3.2781517463731937
2.193828588072563,-9.417929867736,5.122500358036383,4.831298192833685,3.9375542059776016,-3.474691137194995
2.3086433869949516,9.359135521885522,5.254838043338477,5.020992928253731,4.109711178054702,-3.6708266508347016
2.309788616963907,-9.61226919075009,5.381163465228262,5.211205326687352,4.2717106114809695,-3.8661254237095974
2.4136785914702585,9.541007793989275,5.512253490732949,5.409834542267669,4.431475371613864,-4.0639981889603085
2.43310080209892,-9.79605633668648,5.637312280246036,5.604866479221224,4.589502373269731,-4.261616978129325
2.537742278592251,9.731419588546645,5.755059300689183,5.798105768331462,4.735286762914232,-4.450620631263906
2.56367873371056,-9.98803262390711,5.871840748339881,5.993129556885728,4.868194871319194,-4.637433406514788
2.6758809264058705,9.928713778460367,5.976924642840441,6.185562154466475,5.011074469106269,-4.829186684912806
2.700059367893111,-10.1720320570881,6.086406998431741,6.381542797908539,5.142799890786726,-5.022398097920217
2.8098068113620798,10.129387409762924,6.1895660912197386,6.57892030979994,5.273376319619807,-5.214700321112357
2.83951884732744,-10.355232089412631,6.2854097653327266,6.773713615060066,5.403930206774536,-5.411891583877182
2.947521438341756,10.318087182743614,6.3739399529145615,6.966341774223718,5.5271967450108725,-5.605579034948246
2.984711150129769,-10.545611290372861,6.523316892887209,11.960495697717919,5.6431939676715075,-5.791851442667415
3.1037082193462417,10.511384368375108,6.472241958064444,7.166303492746393,5.759167521569864,-5.983257341937897
3.12182536403661,-10.717630709784846,6.554659406017645,7.353187030412146,5.875105572324809,-6.182363478535354
3.2579363334257962,10.696723413994036,6.680933635996968,11.7719565534696,5.983775380917308,-6.373821760372685
3.4097145086084595,10.878714208269248,6.637828055402114,7.570993743375109,6.080225640860771,-6.575483002175389
3.3115439965823334,-10.941395340580005,6.710562886428772,7.788748073771221,6.153033521896596,-6.7637024484612205
3.451130870961599,-11.140635343737188,6.774193288385998,7.994506796358649,6.255190035405224,-6.950515223712106
3.5773255624824642,11.062574689799227,6.824814758079164,11.576734850318728,6.3426882886799305,-7.14844413104403
3.6092028974243675,-11.32848875256493,6.848145054212765,8.210742032316105,6.3669878488459695,-12.024697864562398
3.7352448968855256,11.256473999251776,6.92799134507468,11.376518724759464,6.42301036898937,-7.339599145389073
3.7843302684969338,-11.484329453125746,6.907852515049484,8.426520111326507,6.510698856931242,-7.539179806415643
3.9406645067573898,11.456337936982997,6.966937122965771,8.613233558279854,6.576373563261583,-7.737863801150837
4.002108500916279,-11.650265336622397,7.022506174862947,11.161250551574625,6.569823149699452,-11.839273726102427
4.160651450851105,11.6475971650663,7.027247834245234,8.84285294301035,6.641246630973193,-7.924055620305619
4.235095343627243,-11.80757018487342,7.0698499417249465,10.950495337995337,6.6902075235607725,-8.113785751487274
4.387880585367565,11.825558205511907,7.073791440884541,9.063739750904102,6.739684545103817,-11.601937180446438
4.468192077020202,-11.94104096520763,7.1121834028415485,9.25427895679579,6.748191173404571,-8.313699538249434
4.622309531951458,11.98102966392318,7.12155139648803,10.710074936608887,6.810156932278517,-8.51443535470445
4.701371651081125,-12.056544525112233,7.149484938230344,9.500561057195043,6.860366830194305,-11.405691131999
4.856577869077057,12.101666715379098,7.157077081579686,10.494957195410898,6.860648601173775,-8.704496768092447
4.934659425198163,-12.148580695067963,7.1695513887636295,10.258690865889939,6.9181623410026205,-8.902796213160407
5.090699121751371,12.190402783623268,7.172130076261752,9.799662432581993,6.932922525912723,-11.192845356249496
5.168038493112551,-12.220816254754332,7.180517271236674,10.034703010038658,6.96879275392817,-9.115567215363512
5.324646239960369,12.241371021168474,,,7.0085050386421415,-9.335815572207185
5.401595076744005,-12.254550627805834,,,7.003725142045454,-10.973011129816683
5.558410770574675,12.252738038174959,,,7.042762473830184,-9.546464598501633
5.635270004186832,-12.26261754310076,,,7.051229740212584,-9.75995413466546
5.792046813622338,12.236237529617158,,,7.052214546360599,-10.66451273278048
5.8691427348572525,-12.227783136145401,,,6.963664071268237,-10.861541027559543
6.025571275362129,12.195536275174584,,,7.084916988700133,-10.05191607432348
6.103137190590804,-12.16654791549756,,,7.075781871083521,-10.305168324188386
6.259060233958511,12.147134783405036,,,7.087314193731295,-10.44401704805254
6.234733818216892,-12.137580356029428,,,,
