t,x_mm,y_mm,z_mm,q1_deg,q2_deg,q3_deg,x_fk,y_fk,z_fk,ok
2.617993877991494411e+00,2.500000000000000284e+02,-2.134713676410528560e-14,5.000000000000000000e+00,-0.000000000000000000e+00,2.385000000000000142e+01,-9.825000000000000000e+01,2.500029999999999859e+02,-0.000000000000000000e+00,5.001000000000000334e+00,1.000000000000000000e+00
2.653292671852053974e+00,2.403947218725708410e+02,6.914753021724616033e+00,5.000000000000000000e+00,1.649999999999999911e+00,2.482999999999999829e+01,-1.026700000000000017e+02,2.403849999999999909e+02,6.924999999999999822e+00,4.988000000000000433e+00,1.000000000000000000e+00
2.688591465712613537e+00,2.305508331921143963e+02,1.282983318204417600e+01,5.000000000000000000e+00,3.189999999999999947e+00,2.558999999999999986e+01,-1.069300000000000068e+02,2.305339999999999918e+02,1.284800000000000075e+01,4.985999999999999766e+00,1.000000000000000000e+00
2.723890259573172656e+00,2.206204571077339835e+02,1.767074506820929258e+01,5.000000000000000000e+00,4.580000000000000071e+00,2.610999999999999943e+01,-1.110000000000000000e+02,2.206100000000000136e+02,1.767200000000000060e+01,4.996999999999999886e+00,1.000000000000000000e+00
2.759189053433732219e+00,2.107597974959945191e+02,2.138845171803053091e+01,5.000000000000000000e+00,5.790000000000000036e+00,2.635999999999999943e+01,-1.148499999999999943e+02,2.107560000000000002e+02,2.137099999999999866e+01,4.991999999999999993e+00,1.000000000000000000e+00
2.794487847294291782e+00,2.011262364913928025e+02,2.396011489746827294e+01,5.000000000000000000e+00,6.790000000000000036e+00,2.633999999999999986e+01,-1.184599999999999937e+02,2.011250000000000000e+02,2.394699999999999918e+01,5.000000000000000000e+00,1.000000000000000000e+00
2.829786641154851345e+00,1.918753957831826824e+02,2.538929479687493540e+01,5.000000000000000000e+00,7.540000000000000036e+00,2.603999999999999915e+01,-1.217999999999999972e+02,1.918689999999999998e+02,2.539600000000000080e+01,5.006999999999999673e+00,1.000000000000000000e+00
2.865085435015410908e+00,1.831582192026459097e+02,2.570560644100358871e+01,5.000000000000000000e+00,7.990000000000000213e+00,2.546000000000000085e+01,-1.248299999999999983e+02,1.831610000000000014e+02,2.570899999999999963e+01,4.995000000000000107e+00,1.000000000000000000e+00
2.900384228875970027e+00,1.751181337696489209e+02,2.496384100998181310e+01,5.000000000000000000e+00,8.109999999999999432e+00,2.464000000000000057e+01,-1.275400000000000063e+02,1.751210000000000093e+02,2.495499999999999829e+01,4.993999999999999773e+00,1.000000000000000000e+00
2.935683022736529590e+00,1.678883448787084376e+02,2.324257100061862502e+01,5.000000000000000000e+00,7.879999999999999893e+00,2.362999999999999901e+01,-1.299000000000000057e+02,1.678959999999999866e+02,2.323799999999999955e+01,4.998999999999999666e+00,1.000000000000000000e+00
2.970981816597089153e+00,1.615893187120674384e+02,2.064226850565241378e+01,5.000000000000000000e+00,7.280000000000000249e+00,2.250000000000000000e+01,-1.319000000000000057e+02,1.615829999999999984e+02,2.064199999999999946e+01,5.009000000000000341e+00,1.000000000000000000e+00
3.006280610457648717e+00,1.563265013216886246e+02,1.728297564651917995e+01,5.000000000000000000e+00,6.309999999999999609e+00,2.133999999999999986e+01,-1.335099999999999909e+02,1.563199999999999932e+02,1.728500000000000014e+01,4.995000000000000107e+00,1.000000000000000000e+00
3.041579404318207835e+00,1.521883191957436736e+02,1.330157516838175447e+01,5.000000000000000000e+00,5.000000000000000000e+00,2.028999999999999915e+01,-1.347400000000000091e+02,1.521990000000000123e+02,1.331600000000000072e+01,4.996999999999999886e+00,1.000000000000000000e+00
3.076878198178767398e+00,1.492445006097900091e+02,8.848717215613724818e+00,5.000000000000000000e+00,3.390000000000000124e+00,1.944999999999999929e+01,-1.355999999999999943e+02,1.492479999999999905e+02,8.840999999999999304e+00,4.998999999999999666e+00,1.000000000000000000e+00
3.112176992039326962e+00,1.475447507677045849e+02,4.085465192015812264e+00,5.000000000000000000e+00,1.590000000000000080e+00,1.892999999999999972e+01,-1.360900000000000034e+02,1.475399999999999920e+02,4.094999999999999751e+00,5.004999999999999893e+00,1.000000000000000000e+00
3.147475785899886525e+00,1.471178067874473072e+02,-8.202707645187017338e-01,5.000000000000000000e+00,-3.200000000000000067e-01,1.878999999999999915e+01,-1.362100000000000080e+02,1.471080000000000041e+02,-8.219999999999999529e-01,4.998000000000000220e+00,1.000000000000000000e+00
3.182774579760446088e+00,1.479708911197137127e+02,-5.697439910504995098e+00,5.000000000000000000e+00,-2.209999999999999964e+00,1.905999999999999872e+01,-1.359699999999999989e+02,1.479579999999999984e+02,-5.709999999999999964e+00,5.003000000000000114e+00,1.000000000000000000e+00
3.218073373621005207e+00,1.500895741516684438e+02,-1.037562105102829690e+01,5.000000000000000000e+00,-3.950000000000000178e+00,1.969999999999999929e+01,-1.353600000000000136e+02,1.500860000000000127e+02,-1.036299999999999955e+01,5.004999999999999893e+00,1.000000000000000000e+00
3.253372167481564770e+00,1.534380486987082008e+02,-1.468877986019490933e+01,5.000000000000000000e+00,-5.469999999999999751e+00,2.062000000000000099e+01,-1.343799999999999955e+02,1.534219999999999970e+02,-1.469200000000000017e+01,5.001999999999999780e+00,1.000000000000000000e+00
3.288670961342124333e+00,1.579598109843245766e+02,-1.847893676544295261e+01,5.000000000000000000e+00,-6.669999999999999929e+00,2.171999999999999886e+01,-1.330099999999999909e+02,1.579650000000000034e+02,-1.847299999999999898e+01,4.991999999999999993e+00,1.000000000000000000e+00
3.323969755202683452e+00,1.635787347124145583e+02,-2.159967058391456618e+01,5.000000000000000000e+00,-7.519999999999999574e+00,2.287999999999999901e+01,-1.312700000000000102e+02,1.635829999999999984e+02,-2.159400000000000119e+01,4.995000000000000107e+00,1.000000000000000000e+00
3.359268549063243015e+00,1.702005171064957096e+02,-2.391938638771318182e+01,5.000000000000000000e+00,-8.000000000000000000e+00,2.398000000000000043e+01,-1.291599999999999966e+02,1.701829999999999927e+02,-2.391799999999999926e+01,4.996000000000000441e+00,1.000000000000000000e+00
3.394567342923802578e+00,1.777144684795930516e+02,-2.532428079593788439e+01,5.000000000000000000e+00,-8.109999999999999432e+00,2.494000000000000128e+01,-1.266800000000000068e+02,1.777059999999999889e+02,-2.532300000000000040e+01,5.000000000000000000e+00,1.000000000000000000e+00
3.429866136784362141e+00,1.859956101521323717e+02,-2.572094395079432871e+01,5.000000000000000000e+00,-7.870000000000000107e+00,2.567999999999999972e+01,-1.238599999999999994e+02,1.859819999999999993e+02,-2.570799999999999841e+01,4.996999999999999886e+00,1.000000000000000000e+00
3.465164930644921704e+00,1.949070394868084861e+02,-2.503854471203877807e+01,5.000000000000000000e+00,-7.320000000000000284e+00,2.617000000000000171e+01,-1.207199999999999989e+02,1.948979999999999961e+02,-2.503600000000000136e+01,5.003000000000000114e+00,1.000000000000000000e+00
3.500463724505481267e+00,2.043025155790458598e+02,-2.323055395346156615e+01,5.000000000000000000e+00,-6.490000000000000213e+00,2.637999999999999901e+01,-1.172800000000000011e+02,2.043149999999999977e+02,-2.324299999999999855e+01,5.001999999999999780e+00,1.000000000000000000e+00
3.535762518366040386e+00,2.140292148329986333e+02,-2.027597010060703298e+01,5.000000000000000000e+00,-5.410000000000000142e+00,2.630999999999999872e+01,-1.135900000000000034e+02,2.140329999999999870e+02,-2.026999999999999957e+01,5.001000000000000334e+00,1.000000000000000000e+00
3.571061312226599949e+00,2.239306023513856303e+02,-1.618002102593698055e+01,5.000000000000000000e+00,-4.129999999999999893e+00,2.596999999999999886e+01,-1.096599999999999966e+02,2.239420000000000073e+02,-1.617000000000000171e+01,5.006999999999999673e+00,1.000000000000000000e+00
3.606360106087159512e+00,2.338493628381536098e+02,-1.097432691725019183e+01,5.000000000000000000e+00,-2.689999999999999947e+00,2.537000000000000099e+01,-1.055300000000000011e+02,2.338449999999999989e+02,-1.098700000000000010e+01,5.004999999999999893e+00,1.000000000000000000e+00
3.641658899947718631e+00,2.436303335999803039e+02,-4.716519548017293673e+00,5.000000000000000000e+00,-1.110000000000000098e+00,2.453000000000000114e+01,-1.012099999999999937e+02,2.436370000000000005e+02,-4.721000000000000085e+00,5.001999999999999780e+00,1.000000000000000000e+00
3.676957693808278194e+00,2.531233822577861190e+02,2.510675711260350607e+00,5.000000000000000000e+00,5.699999999999999512e-01,2.348000000000000043e+01,-9.675000000000000000e+01,2.531250000000000000e+02,2.517999999999999794e+00,5.009999999999999787e+00,1.000000000000000000e+00
3.712256487668837757e+00,2.621861729418611731e+02,1.060087801109914452e+01,5.000000000000000000e+00,2.319999999999999840e+00,2.223000000000000043e+01,-9.217000000000000171e+01,2.621720000000000255e+02,1.062199999999999989e+01,4.991999999999999993e+00,1.000000000000000000e+00
3.747555281529397320e+00,2.706867670205145373e+02,1.942598168571273476e+01,5.000000000000000000e+00,4.099999999999999645e+00,2.082000000000000028e+01,-8.750000000000000000e+01,2.706829999999999927e+02,1.940299999999999869e+01,4.991999999999999993e+00,1.000000000000000000e+00
3.782854075389956883e+00,2.785060077567010808e+02,2.883854196417942717e+01,5.000000000000000000e+00,5.910000000000000142e+00,1.928000000000000114e+01,-8.279000000000000625e+01,2.785090000000000146e+02,2.882999999999999829e+01,5.008000000000000007e+00,1.000000000000000000e+00
3.818152869250516446e+00,2.855396426330763120e+02,3.867456906424586549e+01,5.000000000000000000e+00,7.709999999999999964e+00,1.762999999999999901e+01,-7.807999999999999829e+01,2.855520000000000209e+02,3.865899999999999892e+01,5.008000000000000007e+00,1.000000000000000000e+00
3.853451663111076009e+00,2.917001423466347774e+02,4.875667575792198960e+01,5.000000000000000000e+00,9.490000000000000213e+00,1.591000000000000014e+01,-7.343999999999999773e+01,2.916990000000000123e+02,4.876100000000000279e+01,4.987000000000000099e+00,1.000000000000000000e+00
3.888750456971635128e+00,2.969181815446025894e+02,5.889751634243304323e+01,5.000000000000000000e+00,1.122000000000000064e+01,1.417999999999999972e+01,-6.893999999999999773e+01,2.969209999999999923e+02,5.889999999999999858e+01,5.009999999999999787e+00,1.000000000000000000e+00
3.924049250832194691e+00,3.011437531326044450e+02,6.890344902692743290e+01,5.000000000000000000e+00,1.289000000000000057e+01,1.247000000000000064e+01,-6.465999999999999659e+01,3.011480000000000246e+02,6.891700000000000159e+01,5.012999999999999901e+00,1.000000000000000000e+00
3.959348044692753810e+00,3.043468952996230428e+02,7.857834917308966283e+01,5.000000000000000000e+00,1.448000000000000043e+01,1.083999999999999986e+01,-6.071999999999999886e+01,3.043319999999999936e+02,7.859199999999999875e+01,4.979000000000000092e+00,1.000000000000000000e+00
3.994646838553313373e+00,3.065180181262738870e+02,8.772749769811619558e+01,5.000000000000000000e+00,1.597000000000000064e+01,9.380000000000000782e+00,-5.724000000000000199e+01,3.065190000000000055e+02,8.771899999999999409e+01,5.001000000000000334e+00,1.000000000000000000e+00
4.029945632413872936e+00,3.076678246196531745e+02,9.616146732428420307e+01,5.000000000000000000e+00,1.735999999999999943e+01,8.150000000000000355e+00,-5.436999999999999744e+01,3.076610000000000014e+02,9.617900000000000205e+01,5.003999999999999559e+00,1.000000000000000000e+00
4.065244426274432499e+00,3.078268290906960942e+02,1.036999292735677898e+02,5.000000000000000000e+00,1.862000000000000099e+01,7.230000000000000426e+00,-5.225999999999999801e+01,3.078149999999999977e+02,1.037109999999999985e+02,4.990999999999999659e+00,1.000000000000000000e+00
4.100543220134992062e+00,3.070444837979268300e+02,1.101753044607592500e+02,5.000000000000000000e+00,1.973999999999999844e+01,6.700000000000000178e+00,-5.103999999999999915e+01,3.070430000000000064e+02,1.101790000000000020e+02,5.009999999999999787e+00,1.000000000000000000e+00
4.135842013995551625e+00,3.053879325653426235e+02,1.154361862060314650e+02,5.000000000000000000e+00,2.071000000000000085e+01,6.589999999999999858e+00,-5.079999999999999716e+01,3.053799999999999955e+02,1.154539999999999935e+02,4.990999999999999659e+00,1.000000000000000000e+00
4.171140807856111188e+00,3.029404174870913948e+02,1.193504659093939608e+02,5.000000000000000000e+00,2.150000000000000000e+01,6.929999999999999716e+00,-5.157999999999999829e+01,3.029359999999999786e+02,1.193299999999999983e+02,4.980999999999999872e+00,1.000000000000000000e+00
4.206439601716670751e+00,2.997993717102941673e+02,1.218080989176833384e+02,5.000000000000000000e+00,2.210999999999999943e+01,7.690000000000000391e+00,-5.331000000000000227e+01,2.998029999999999973e+02,1.217980000000000018e+02,5.001000000000000334e+00,1.000000000000000000e+00
4.241738395577229426e+00,2.960742375030534390e+02,1.227234548549983373e+02,5.000000000000000000e+00,2.251000000000000156e+01,8.800000000000000711e+00,-5.589000000000000057e+01,2.960779999999999745e+02,1.227000000000000028e+02,4.987000000000000099e+00,1.000000000000000000e+00
4.277037189437788989e+00,2.918840542438218790e+02,1.220372048403219623e+02,5.000000000000000000e+00,2.269000000000000128e+01,1.018999999999999950e+01,-5.915999999999999659e+01,2.918840000000000146e+02,1.220379999999999967e+02,4.990999999999999659e+00,1.000000000000000000e+00
4.312335983298348552e+00,2.873548655030281793e+02,1.197177071197899210e+02,5.000000000000000000e+00,2.262000000000000099e+01,1.176999999999999957e+01,-6.296000000000000085e+01,2.873460000000000036e+02,1.197279999999999944e+02,4.990999999999999659e+00,1.000000000000000000e+00
4.347634777158908115e+00,2.826169979381202211e+02,1.157618625150379046e+02,5.000000000000000000e+00,2.226999999999999957e+01,1.344999999999999929e+01,-6.710999999999999943e+01,2.826250000000000000e+02,1.157399999999999949e+02,4.990000000000000213e+00,1.000000000000000000e+00
4.382933571019467678e+00,2.778022672185998090e+02,1.101954215373149992e+02,5.000000000000000000e+00,2.164000000000000057e+01,1.516000000000000014e+01,-7.145999999999999375e+01,2.778000000000000114e+02,1.102129999999999939e+02,5.006999999999999673e+00,1.000000000000000000e+00
4.418232364880027241e+00,2.730411675887803540e+02,1.030727358321525458e+02,5.000000000000000000e+00,2.067999999999999972e+01,1.682000000000000028e+01,-7.585999999999999943e+01,2.730430000000000064e+02,1.030649999999999977e+02,5.008000000000000007e+00,1.000000000000000000e+00
4.453531158740586804e+00,2.684601019355317248e+02,9.447595758655975828e+01,5.000000000000000000e+00,1.939000000000000057e+01,1.837000000000000099e+01,-8.015999999999999659e+01,2.684649999999999750e+02,9.448900000000000432e+01,5.006000000000000227e+00,1.000000000000000000e+00
4.488829952601146367e+00,2.641787083513382299e+02,8.451370143216989561e+01,5.000000000000000000e+00,1.773999999999999844e+01,1.976999999999999957e+01,-8.425000000000000000e+01,2.641850000000000023e+02,8.451500000000000057e+01,5.004999999999999893e+00,1.000000000000000000e+00
4.524128746461705930e+00,2.603073371873979340e+02,7.331919399692937134e+01,5.000000000000000000e+00,1.573000000000000043e+01,2.098000000000000043e+01,-8.800000000000000000e+01,2.603120000000000118e+02,7.331799999999999784e+01,5.001000000000000334e+00,1.000000000000000000e+00
4.559427540322264605e+00,2.569447295173260386e+02,6.104794638385109096e+01,5.000000000000000000e+00,1.336999999999999922e+01,2.198000000000000043e+01,-9.129999999999999716e+01,2.569420000000000073e+02,6.107000000000000028e+01,5.000000000000000000e+00,1.000000000000000000e+00
4.594726334182825056e+00,2.541759438408665233e+02,4.787499428685621439e+01,5.000000000000000000e+00,1.066999999999999993e+01,2.276000000000000156e+01,-9.404999999999999716e+01,2.541699999999999875e+02,4.788799999999999812e+01,4.996000000000000441e+00,1.000000000000000000e+00
4.630025128043383731e+00,2.520705728307097786e+02,3.399175900343202983e+01,5.000000000000000000e+00,7.679999999999999716e+00,2.332000000000000028e+01,-9.615999999999999659e+01,2.520610000000000070e+02,3.399000000000000199e+01,4.985999999999999766e+00,1.000000000000000000e+00
4.665323921903943294e+00,2.506812860645119656e+02,1.960259010179064987e+01,5.000000000000000000e+00,4.469999999999999751e+00,2.367999999999999972e+01,-9.756000000000000227e+01,2.506829999999999927e+02,1.959700000000000131e+01,4.998999999999999666e+00,1.000000000000000000e+00
4.700622715764502857e+00,2.500427281056228992e+02,4.921056797524323123e+00,5.000000000000000000e+00,1.129999999999999893e+00,2.383999999999999986e+01,-9.820999999999999375e+01,2.500380000000000109e+02,4.932000000000000384e+00,5.001000000000000334e+00,1.000000000000000000e+00
4.735921509625062420e+00,2.501707941312163825e+02,-9.833939933838413694e+00,5.000000000000000000e+00,-2.250000000000000000e+00,2.380999999999999872e+01,-9.807999999999999829e+01,2.501690000000000111e+02,-9.829000000000000625e+00,5.004999999999999893e+00,1.000000000000000000e+00
4.771220303485621983e+00,2.510622976985633557e+02,-2.444215893516255989e+01,5.000000000000000000e+00,-5.559999999999999609e+00,2.357999999999999829e+01,-9.718000000000000682e+01,2.510449999999999875e+02,-2.443799999999999883e+01,4.985000000000000320e+00,1.000000000000000000e+00
4.806519097346180658e+00,2.526950373409630970e+02,-3.868603651204698224e+01,5.000000000000000000e+00,-8.699999999999999289e+00,2.316000000000000014e+01,-9.553000000000000114e+01,2.527009999999999934e+02,-3.866899999999999693e+01,5.000000000000000000e+00,1.000000000000000000e+00
4.841817891206741109e+00,2.550282606520518698e+02,-5.235465200253575091e+01,5.000000000000000000e+00,-1.159999999999999964e+01,2.253000000000000114e+01,-9.320000000000000284e+01,2.550370000000000061e+02,-5.235199999999999676e+01,5.014000000000000234e+00,1.000000000000000000e+00
4.877116685067299784e+00,2.580035165111833066e+02,-6.524756416194426833e+01,5.000000000000000000e+00,-1.418999999999999950e+01,2.167000000000000171e+01,-9.026000000000000512e+01,2.580000000000000000e+02,-6.523600000000000421e+01,4.993999999999999773e+00,1.000000000000000000e+00
4.912415478927860235e+00,2.615458782831467488e+02,-7.717844380862258902e+01,5.000000000000000000e+00,-1.644000000000000128e+01,2.060000000000000142e+01,-8.679999999999999716e+01,2.615409999999999968e+02,-7.717400000000000659e+01,5.000000000000000000e+00,1.000000000000000000e+00
4.947714272788418910e+00,2.655655133487392163e+02,-8.797843220738698733e+01,5.000000000000000000e+00,-1.832999999999999829e+01,1.932000000000000028e+01,-8.292000000000000171e+01,2.655640000000000214e+02,-8.798099999999999454e+01,4.993999999999999773e+00,1.000000000000000000e+00
4.983013066648978473e+00,2.699595673379390064e+02,-9.749916009309659159e+01,5.000000000000000000e+00,-1.985999999999999943e+01,1.787000000000000099e+01,-7.875000000000000000e+01,2.699529999999999745e+02,-9.750799999999999557e+01,5.006000000000000227e+00,1.000000000000000000e+00
5.018311860509538036e+00,2.746143250840783594e+02,-1.056153689494677224e+02,5.000000000000000000e+00,-2.103999999999999915e+01,1.626999999999999957e+01,-7.440000000000000568e+01,2.745939999999999941e+02,-1.056269999999999953e+02,4.982999999999999652e+00,1.000000000000000000e+00
5.053610654370097599e+00,2.794076047224190233e+02,-1.122270840244501358e+02,5.000000000000000000e+00,-2.187999999999999901e+01,1.458999999999999986e+01,-7.000000000000000000e+01,2.794089999999999918e+02,-1.122090000000000032e+02,4.990999999999999659e+00,1.000000000000000000e+00
5.088909448230657162e+00,2.842113366316571614e+02,-1.172612974269163431e+02,5.000000000000000000e+00,-2.242000000000000171e+01,1.289000000000000057e+01,-6.570000000000000284e+01,2.842139999999999986e+02,-1.172609999999999957e+02,5.009999999999999787e+00,1.000000000000000000e+00
5.124208242091215837e+00,2.888942751566034985e+02,-1.206731293339847042e+02,5.000000000000000000e+00,-2.267000000000000171e+01,1.123000000000000043e+01,-6.164999999999999858e+01,2.888890000000000100e+02,-1.206670000000000016e+02,4.993000000000000327e+00,1.000000000000000000e+00
5.159507035951776288e+00,2.933247883298393504e+02,-1.224464456515578945e+02,5.000000000000000000e+00,-2.266000000000000014e+01,9.699999999999999289e+00,-5.800000000000000000e+01,2.933220000000000027e+02,-1.224590000000000032e+02,4.990000000000000213e+00,1.000000000000000000e+00
5.194805829812334963e+00,2.973736691840681488e+02,-1.225939212077268650e+02,5.000000000000000000e+00,-2.239999999999999858e+01,8.400000000000000355e+00,-5.493999999999999773e+01,2.973940000000000055e+02,-1.225769999999999982e+02,5.020999999999999908e+00,1.000000000000000000e+00
5.230104623672895414e+00,3.009169117479123656e+02,-1.211565485062637606e+02,5.000000000000000000e+00,-2.192999999999999972e+01,7.389999999999999680e+00,-5.263000000000000256e+01,3.009150000000000205e+02,-1.211500000000000057e+02,4.985000000000000320e+00,1.000000000000000000e+00
5.265403417533454089e+00,3.038383954562913800e+02,-1.182026030080564283e+02,5.000000000000000000e+00,-2.126000000000000156e+01,6.769999999999999574e+00,-5.121000000000000085e+01,3.038269999999999982e+02,-1.182129999999999939e+02,4.990999999999999659e+00,1.000000000000000000e+00
5.300702211394013652e+00,3.060324234699177168e+02,-1.138260866247441072e+02,5.000000000000000000e+00,-2.039999999999999858e+01,6.580000000000000071e+00,-5.077000000000000313e+01,3.060360000000000014e+02,-1.138139999999999930e+02,5.004999999999999893e+00,1.000000000000000000e+00
5.336001005254573215e+00,3.074060632520151444e+02,-1.081446813882086389e+02,5.000000000000000000e+00,-1.937999999999999901e+01,6.830000000000000071e+00,-5.134000000000000341e+01,3.074069999999999823e+02,-1.081350000000000051e+02,5.003000000000000114e+00,1.000000000000000000e+00
5.371299799115132778e+00,3.078812416376159717e+02,-1.012972548978884646e+02,5.000000000000000000e+00,-1.821000000000000085e+01,7.500000000000000000e+00,-5.286999999999999744e+01,3.078840000000000146e+02,-1.012870000000000061e+02,5.006999999999999673e+00,1.000000000000000000e+00
5.406598592975692341e+00,3.073965514745701739e+02,-9.344096795384501775e+01,5.000000000000000000e+00,-1.691000000000000014e+01,8.529999999999999361e+00,-5.525000000000000000e+01,3.073929999999999723e+02,-9.345199999999999818e+01,5.006000000000000227e+00,1.000000000000000000e+00
5.441897386836251016e+00,3.059087326195297010e+02,-8.474804258242052413e+01,5.000000000000000000e+00,-1.548000000000000043e+01,9.849999999999999645e+00,-5.834000000000000341e+01,3.059189999999999827e+02,-8.472400000000000375e+01,5.014999999999999680e+00,1.000000000000000000e+00
5.477196180696811467e+00,3.033937965232924512e+02,-7.540225529855553077e+01,5.000000000000000000e+00,-1.396000000000000085e+01,1.136999999999999922e+01,-6.199000000000000199e+01,3.033829999999999814e+02,-7.541700000000000159e+01,4.990000000000000213e+00,1.000000000000000000e+00
5.512494974557370142e+00,2.998477707097707139e+02,-6.559522579290727151e+01,5.000000000000000000e+00,-1.233999999999999986e+01,1.302999999999999936e+01,-6.606000000000000227e+01,2.998380000000000223e+02,-6.559499999999999886e+01,4.991999999999999993e+00,1.000000000000000000e+00
5.547793768417930593e+00,2.952870470008716666e+02,-5.552257517703121437e+01,5.000000000000000000e+00,-1.065000000000000036e+01,1.475999999999999979e+01,-7.042000000000000171e+01,2.952930000000000064e+02,-5.552900000000000347e+01,5.014999999999999680e+00,1.000000000000000000e+00
5.583092562278489268e+00,2.897483252156388858e+02,-4.538003038826548163e+01,5.000000000000000000e+00,-8.900000000000000355e+00,1.648999999999999844e+01,-7.498000000000000398e+01,2.897450000000000045e+02,-4.537299999999999756e+01,4.995000000000000107e+00,1.000000000000000000e+00
5.618391356139048831e+00,2.832881521193520484e+02,-3.535955229897388108e+01,5.000000000000000000e+00,-7.110000000000000320e+00,1.819000000000000128e+01,-7.965000000000000568e+01,2.832909999999999968e+02,-3.533599999999999852e+01,5.006000000000000227e+00,1.000000000000000000e+00
5.653690149999608394e+00,2.759820634568089872e+02,-2.564556447445006881e+01,5.000000000000000000e+00,-5.309999999999999609e+00,1.980999999999999872e+01,-8.435999999999999943e+01,2.759909999999999854e+02,-2.565099999999999980e+01,5.017000000000000348e+00,1.000000000000000000e+00
5.688988943860167957e+00,2.679233448133044249e+02,-1.641135739257051895e+01,5.000000000000000000e+00,-3.509999999999999787e+00,2.130999999999999872e+01,-8.906000000000000227e+01,2.679279999999999973e+02,-1.643400000000000105e+01,5.006000000000000227e+00,1.000000000000000000e+00
5.724287737720727520e+00,2.592214346493912558e+02,-7.815739319293205867e+00,5.000000000000000000e+00,-1.729999999999999982e+00,2.267000000000000171e+01,-9.370000000000000284e+01,2.592370000000000232e+02,-7.830000000000000071e+00,5.016000000000000014e+00,1.000000000000000000e+00
5.759586531581287083e+00,2.500000000000002274e+02,-1.708202525624877928e-13,5.000000000000000000e+00,-0.000000000000000000e+00,2.385000000000000142e+01,-9.825000000000000000e+01,2.500029999999999859e+02,-0.000000000000000000e+00,5.001000000000000334e+00,1.000000000000000000e+00
